,RMSE,R²
random_forest,2801.396670562202,0.9177322177094303
xgboost,3105.4271628554216,0.8989064916396085
lightgbm,3606.1785030729693,0.8636751545181798
